;1;2;3;4;5;6;7;8;9;10;11;12;13;14;15;16;17;18;19;20;21;22;23;24;25;26;27;28;29;30;31;32;33;34;35;36;37;38;39;40;41;42;43;44;45;46;47;48;49;50;51;52;53
q-q-0;h();;;;;;cx();;;;;;;;;;;;;;;;;;;;;;;;;;;;;;;;;;;;;;;;;;;;;;
q-q-1;;;;;;;cx();;;;h();;;;;;;;;;;;;;;;;;;;;;;;;;;;;;crz(ParameterExpression);;h();;;;;;;;;;
q-q-2;;rx(ParameterExpression);;;;;;rz(ParameterExpression);;;;rx(ParameterExpression);;;;rx(ParameterExpression);;;rz(ParameterExpression);;;rx(ParameterExpression);;;h();;;crz(ParameterExpression);;;h();;;;;;;h();;;crz(ParameterExpression);;;h();;measure();;;;;;;
q-q-3;;;h();;;;;;;;;;;;;;;;;;;;;;;;;crz(ParameterExpression);;;;crz(ParameterExpression);;;;;;;h();;;;;;;;;;;cx();;h();measure()
q-q-4;;;;h();;;;;;;;;;;;;;;;;;;;;;;;;;;;crz(ParameterExpression);;;;;;;;h();;h();;;crz(ParameterExpression);;h();;;cx();measure();;
q-q-5;;;;;h();;;;cx();;;;rx(ParameterExpression);;;;rz(ParameterExpression);;;rx(ParameterExpression);;;h();;;crz(ParameterExpression);;;h();;;;h();;;;;;;;;;;;crz(ParameterExpression);;;h();measure();;;;
q-q-6;;;;;;;;;cx();;;;;h();;;;;;;;;;;;crz(ParameterExpression);;;;crz(ParameterExpression);;;;h();;measure();;;;;;;;;;;;;;;;;
q-q-7;;;;;;rx(ParameterExpression);;;;rz(ParameterExpression);;;;;rx(ParameterExpression);;;rx(ParameterExpression);;;rz(ParameterExpression);;;rx(ParameterExpression);;;h();;;crz(ParameterExpression);;;;;h();;measure();;;;;;;;;;;;;;;;
c-c-0;;;;;;;;;;;;;;;;;;;;;;;;;;;;;;;;;;;;;;;;;;;;;;measure();;;;;;;
c-c-1;;;;;;;;;;;;;;;;;;;;;;;;;;;;;;;;;;;;measure();;;;;;;;;;;;;;;;;
c-c-2;;;;;;;;;;;;;;;;;;;;;;;;;;;;;;;;;;;;;measure();;;;;;;;;;;;;;;;
c-c-3;;;;;;;;;;;;;;;;;;;;;;;;;;;;;;;;;;;;;;;;;;;;;;;;;measure();;;;
c-c-4;;;;;;;;;;;;;;;;;;;;;;;;;;;;;;;;;;;;;;;;;;;;;;;;;;;;;measure()
c-c-5;;;;;;;;;;;;;;;;;;;;;;;;;;;;;;;;;;;;;;;;;;;;;;;;;;;measure();;
